dataset_id,control_prob,treat_prob
1,0.271,0.729
2,0.297625,0.702375
3,0.785375,0.214625
4,0.192625,0.807375
5,0.31525,0.68475
6,0.78325,0.21675
7,0.5905,0.4095
8,0.924,0.076
9,0.262125,0.737875
10,0.753125,0.246875
11,0.472875,0.527125
12,0.693125,0.306875
13,0.661875,0.338125
14,0.986,0.014
15,0.040875,0.959125
16,0.8985,0.1015
17,0.828125,0.171875
18,0.792875,0.207125
19,0.079875,0.920125
20,0.732,0.268
21,0.056625,0.943375
22,0.861125,0.138875
23,0.66925,0.33075
24,0.303125,0.696875
25,0.342625,0.657375
26,0.51325,0.48675
27,0.650875,0.349125
28,0.9895,0.0105
29,0.413125,0.586875
30,0.8595,0.1405
31,0.823625,0.176375
32,0.64575,0.35425
33,0.604625,0.395375
34,0.864375,0.135625
35,0.166875,0.833125
36,0.100125,0.899875
37,0.930625,0.069375
38,0.75225,0.24775
39,0.8205,0.1795
40,0.6485,0.3515
41,0.671875,0.328125
42,0.808,0.192
43,0.591375,0.408625
44,0.116625,0.883375
45,0.496875,0.503125
46,0.73925,0.26075
47,0.826625,0.173375
48,0.217125,0.782875
49,0.5935,0.4065
50,0.536625,0.463375
51,0.756625,0.243375
52,0.6515,0.3485
53,0.903375,0.096625
54,0.18275,0.81725
55,0.0095,0.9905
56,0.637,0.363
57,0.15,0.85
58,0.382875,0.617125
59,0.595875,0.404125
60,0.5095,0.4905
61,0.472375,0.527625
62,0.683875,0.316125
63,0.51025,0.48975
64,0.83225,0.16775
65,0.5535,0.4465
66,0.12175,0.87825
67,0.56775,0.43225
68,0.300375,0.699625
69,0.178375,0.821625
70,0.564,0.436
71,0.44775,0.55225
72,0.28875,0.71125
73,0.5,0.5
74,0.70275,0.29725
75,0.640125,0.359875
76,0.247875,0.752125
77,0.688,0.312
78,0.73275,0.26725
79,0.863375,0.136625
80,0.135,0.865
81,0.655,0.345
82,0.408125,0.591875
83,0.03925,0.96075
84,0.683375,0.316625
85,0.474625,0.525375
86,0.184,0.816
87,0.509375,0.490625
88,0.161375,0.838625
89,0.985625,0.014375
90,0.829875,0.170125
91,0.33175,0.66825
92,0.852875,0.147125
93,0.261875,0.738125
94,0.787875,0.212125
95,0.758125,0.241875
96,0.429875,0.570125
97,0.538625,0.461375
98,0.404125,0.595875
99,0.7975,0.2025
100,0.440125,0.559875
101,0.1825,0.8175
102,0.26725,0.73275
103,0.50625,0.49375
104,0.81875,0.18125
105,0.6585,0.3415
106,0.390875,0.609125
107,0.34075,0.65925
108,0.671125,0.328875
109,0.04075,0.95925
110,0.629,0.371
111,0.836,0.164
112,0.719,0.281
113,0.536125,0.463875
114,0.849,0.151
115,0.154375,0.845625
116,0.236875,0.763125
117,0.74275,0.25725
118,0.584375,0.415625
119,0.043875,0.956125
120,0.4635,0.5365
121,0.10025,0.89975
122,0.742375,0.257625
123,0.798375,0.201625
124,0.87175,0.12825
125,0.249625,0.750375
126,0.107,0.893
127,0.930375,0.069625
128,0.115,0.885
129,0.70625,0.29375
130,0.33475,0.66525
131,0.48825,0.51175
132,0.519125,0.480875
133,0.780125,0.219875
134,0.3775,0.6225
135,0.216125,0.783875
136,0.594375,0.405625
137,0.512625,0.487375
138,0.11875,0.88125
139,0.91875,0.08125
140,0.52025,0.47975
141,0.118,0.882
142,0.214125,0.785875
143,0.345,0.655
144,0.48625,0.51375
145,0.436,0.564
146,0.900875,0.099125
147,0.705875,0.294125
148,0.52175,0.47825
149,0.336375,0.663625
150,0.46875,0.53125
151,0.161625,0.838375
152,0.429125,0.570875
153,0.777125,0.222875
154,0.3925,0.6075
155,0.646375,0.353625
156,0.686,0.314
157,0.4265,0.5735
158,0.74225,0.25775
159,0.254125,0.745875
160,0.46875,0.53125
161,0.424625,0.575375
162,0.903375,0.096625
163,0.653625,0.346375
164,0.1085,0.8915
165,0.39,0.61
166,0.479625,0.520375
167,0.46675,0.53325
168,0.613125,0.386875
169,0.0455,0.9545
170,0.952625,0.047375
171,0.80375,0.19625
172,0.439875,0.560125
173,0.135375,0.864625
174,0.524625,0.475375
175,0.313375,0.686625
176,0.853875,0.146125
177,0.70325,0.29675
178,0.500625,0.499375
179,0.086,0.914
180,0.850125,0.149875
181,0.692,0.308
182,0.898125,0.101875
183,0.620375,0.379625
184,0.19125,0.80875
185,0.8435,0.1565
186,0.6905,0.3095
187,0.09075,0.90925
188,0.9375,0.0625
189,0.433,0.567
190,0.32175,0.67825
191,0.785,0.215
192,0.607,0.393
193,0.097375,0.902625
194,0.6095,0.3905
195,0.183375,0.816625
196,0.683375,0.316625
197,0.4545,0.5455
198,0.88325,0.11675
199,0.751875,0.248125
200,0.608625,0.391375
201,0.252875,0.747125
202,0.551375,0.448625
203,0.240625,0.759375
204,0.605,0.395
205,0.0605,0.9395
206,0.29075,0.70925
207,0.68075,0.31925
208,0.918375,0.081625
209,0.32125,0.67875
210,0.652875,0.347125
211,0.1825,0.8175
212,0.112625,0.887375
213,0.76875,0.23125
214,0.320625,0.679375
215,0.263125,0.736875
216,0.73375,0.26625
217,0.892375,0.107625
218,0.27475,0.72525
219,0.837125,0.162875
220,0.475375,0.524625
221,0.159875,0.840125
222,0.798875,0.201125
223,0.85225,0.14775
224,0.3815,0.6185
225,0.13,0.87
226,0.91825,0.08175
227,0.444,0.556
228,0.065,0.935
229,0.695625,0.304375
230,0.870875,0.129125
231,0.171875,0.828125
232,0.655375,0.344625
233,0.53325,0.46675
234,0.68525,0.31475
235,0.60375,0.39625
236,0.576875,0.423125
237,0.65525,0.34475
238,0.873125,0.126875
239,0.735625,0.264375
240,0.694625,0.305375
241,0.2425,0.7575
242,0.6605,0.3395
243,0.2395,0.7605
244,0.635625,0.364375
245,0.696875,0.303125
246,0.758375,0.241625
247,0.362875,0.637125
248,0.916,0.084
249,0.6405,0.3595
250,0.627625,0.372375
251,0.7795,0.2205
252,0.29925,0.70075
253,0.6225,0.3775
254,0.23825,0.76175
255,0.49075,0.50925
256,0.6745,0.3255
257,0.724875,0.275125
258,0.691875,0.308125
259,0.722375,0.277625
260,0.44025,0.55975
261,0.5495,0.4505
262,0.587125,0.412875
263,0.129375,0.870625
264,0.532125,0.467875
265,0.66175,0.33825
266,0.912375,0.087625
267,0.579625,0.420375
268,0.722625,0.277375
269,0.0555,0.9445
270,0.918375,0.081625
271,0.569625,0.430375
272,0.809125,0.190875
273,0.888375,0.111625
274,0.5815,0.4185
275,0.82375,0.17625
276,0.3675,0.6325
277,0.6275,0.3725
278,0.508,0.492
279,0.72725,0.27275
280,0.417625,0.582375
281,0.671125,0.328875
282,0.25725,0.74275
283,0.0595,0.9405
284,0.379625,0.620375
285,0.62725,0.37275
286,0.6135,0.3865
287,0.8205,0.1795
288,0.173625,0.826375
289,0.281875,0.718125
290,0.3835,0.6165
291,0.64325,0.35675
292,0.298875,0.701125
293,0.212125,0.787875
294,0.594125,0.405875
295,0.910375,0.089625
296,0.0815,0.9185
297,0.62375,0.37625
298,0.835,0.165
299,0.6085,0.3915
300,0.60475,0.39525
301,0.347375,0.652625
302,0.46325,0.53675
303,0.289,0.711
304,0.253125,0.746875
305,0.844,0.156
306,0.682625,0.317375
307,0.313375,0.686625
308,0.36125,0.63875
309,0.773125,0.226875
310,0.96325,0.03675
311,0.495375,0.504625
312,0.348625,0.651375
313,0.056,0.944
314,0.588125,0.411875
315,0.621125,0.378875
316,0.802875,0.197125
317,0.458875,0.541125
318,0.55,0.45
319,0.0505,0.9495
320,0.658,0.342
321,0.538,0.462
322,0.292375,0.707625
323,0.309,0.691
324,0.191,0.809
325,0.829,0.171
326,0.844875,0.155125
327,0.482375,0.517625
328,0.153375,0.846625
329,0.5115,0.4885
330,0.853,0.147
331,0.713625,0.286375
332,0.948625,0.051375
333,0.062875,0.937125
334,0.933,0.067
335,0.843875,0.156125
336,0.787625,0.212375
337,0.11225,0.88775
338,0.8305,0.1695
339,0.16275,0.83725
340,0.194375,0.805625
341,0.61975,0.38025
342,0.709875,0.290125
343,0.619125,0.380875
344,0.462375,0.537625
345,0.772625,0.227375
346,0.588375,0.411625
347,0.518625,0.481375
348,0.88625,0.11375
349,0.584625,0.415375
350,0.434625,0.565375
351,0.65975,0.34025
352,0.37025,0.62975
353,0.340375,0.659625
354,0.513375,0.486625
355,0.820375,0.179625
356,0.15375,0.84625
357,0.551625,0.448375
358,0.519125,0.480875
359,0.534375,0.465625
360,0.843375,0.156625
361,0.82525,0.17475
362,0.60975,0.39025
363,0.536375,0.463625
364,0.7425,0.2575
365,0.4455,0.5545
366,0.278375,0.721625
367,0.346875,0.653125
368,0.936125,0.063875
369,0.79625,0.20375
370,0.365125,0.634875
371,0.74525,0.25475
372,0.303875,0.696125
373,0.4165,0.5835
374,0.13925,0.86075
375,0.625125,0.374875
376,0.67975,0.32025
377,0.527375,0.472625
378,0.41525,0.58475
379,0.666,0.334
380,0.41125,0.58875
381,0.59275,0.40725
382,0.178625,0.821375
383,0.083,0.917
384,0.51775,0.48225
385,0.316,0.684
386,0.4715,0.5285
387,0.346,0.654
388,0.634125,0.365875
389,0.485125,0.514875
390,0.7325,0.2675
391,0.8455,0.1545
392,0.709875,0.290125
393,0.840375,0.159625
394,0.457625,0.542375
395,0.143,0.857
396,0.5295,0.4705
397,0.2975,0.7025
398,0.67075,0.32925
399,0.84025,0.15975
400,0.434625,0.565375
401,0.449125,0.550875
402,0.564125,0.435875
403,0.472375,0.527625
404,0.469625,0.530375
405,0.39475,0.60525
406,0.4825,0.5175
407,0.644,0.356
408,0.629,0.371
409,0.88275,0.11725
410,0.238125,0.761875
411,0.402,0.598
412,0.3865,0.6135
413,0.63625,0.36375
414,0.455625,0.544375
415,0.699125,0.300875
416,0.49825,0.50175
417,0.902125,0.097875
418,0.937125,0.062875
419,0.534875,0.465125
420,0.846375,0.153625
421,0.229375,0.770625
422,0.547,0.453
423,0.99675,0.00325
424,0.363375,0.636625
425,0.588875,0.411125
426,0.221125,0.778875
427,0.43925,0.56075
428,0.263125,0.736875
429,0.743125,0.256875
430,0.9075,0.0925
431,0.113875,0.886125
432,0.50125,0.49875
433,0.496,0.504
434,0.66225,0.33775
435,0.202625,0.797375
436,0.391625,0.608375
437,0.294625,0.705375
438,0.52475,0.47525
439,0.338625,0.661375
440,0.213625,0.786375
441,0.240125,0.759875
442,0.451875,0.548125
443,0.05625,0.94375
444,0.626875,0.373125
445,0.100125,0.899875
446,0.815375,0.184625
447,0.906375,0.093625
448,0.404,0.596
449,0.70025,0.29975
450,0.611,0.389
451,0.2415,0.7585
452,0.20175,0.79825
453,0.57075,0.42925
454,0.87225,0.12775
455,0.429,0.571
456,0.134625,0.865375
457,0.1795,0.8205
458,0.394625,0.605375
459,0.676875,0.323125
460,0.317,0.683
461,0.4375,0.5625
462,0.334,0.666
463,0.276125,0.723875
464,0.571125,0.428875
465,0.97375,0.02625
466,0.40675,0.59325
467,0.594375,0.405625
468,0.598875,0.401125
469,0.3045,0.6955
470,0.86825,0.13175
471,0.68975,0.31025
472,0.04475,0.95525
473,0.4215,0.5785
474,0.0985,0.9015
475,0.434,0.566
476,0.018,0.982
477,0.731375,0.268625
478,0.063,0.937
479,0.744375,0.255625
480,0.103125,0.896875
481,0.892875,0.107125
482,0.4235,0.5765
483,0.4325,0.5675
484,0.723125,0.276875
485,0.5215,0.4785
486,0.917375,0.082625
487,0.574875,0.425125
488,0.918625,0.081375
489,0.710625,0.289375
490,0.491125,0.508875
491,0.51675,0.48325
492,0.3055,0.6945
493,0.155,0.845
494,0.300875,0.699125
495,0.48375,0.51625
496,0.92975,0.07025
497,0.0915,0.9085
498,0.591375,0.408625
499,0.954125,0.045875
500,0.31175,0.68825
501,0.7515,0.2485
502,0.18025,0.81975
503,0.331625,0.668375
504,0.358125,0.641875
505,0.58425,0.41575
506,0.087125,0.912875
507,0.803,0.197
508,0.066125,0.933875
509,0.7665,0.2335
510,0.622625,0.377375
511,0.786375,0.213625
512,0.179875,0.820125
513,0.546375,0.453625
514,0.108,0.892
515,0.284,0.716
516,0.171625,0.828375
517,0.855625,0.144375
518,0.3635,0.6365
519,0.5265,0.4735
520,0.112,0.888
521,0.88475,0.11525
522,0.257125,0.742875
523,0.1735,0.8265
524,0.549375,0.450625
525,0.360625,0.639375
526,0.799,0.201
527,0.627,0.373
528,0.95325,0.04675
529,0.1605,0.8395
530,0.98075,0.01925
531,0.451625,0.548375
532,0.25725,0.74275
533,0.667,0.333
534,0.026625,0.973375
535,0.043125,0.956875
536,0.623125,0.376875
537,0.553375,0.446625
538,0.569125,0.430875
539,0.670875,0.329125
540,0.743875,0.256125
541,0.580625,0.419375
542,0.80675,0.19325
543,0.429625,0.570375
544,0.5035,0.4965
545,0.04975,0.95025
546,0.557125,0.442875
547,0.327625,0.672375
548,0.69325,0.30675
549,0.624875,0.375125
550,0.304875,0.695125
551,0.150125,0.849875
552,0.7455,0.2545
553,0.399375,0.600625
554,0.96575,0.03425
555,0.806875,0.193125
556,0.674,0.326
557,0.871625,0.128375
558,0.381,0.619
559,0.683125,0.316875
560,0.356875,0.643125
561,0.373875,0.626125
562,0.685,0.315
563,0.1805,0.8195
564,0.915875,0.084125
565,0.987,0.013
566,0.67225,0.32775
567,0.70825,0.29175
568,0.739625,0.260375
569,0.093875,0.906125
570,0.006625,0.993375
571,0.94125,0.05875
572,0.122,0.878
573,0.264875,0.735125
574,0.277125,0.722875
575,0.10825,0.89175
576,0.942,0.058
577,0.264875,0.735125
578,0.1545,0.8455
579,0.931625,0.068375
580,0.63975,0.36025
581,0.085125,0.914875
582,0.02625,0.97375
583,0.761625,0.238375
584,0.396,0.604
585,0.27975,0.72025
586,0.782875,0.217125
587,0.296,0.704
588,0.82275,0.17725
589,0.56225,0.43775
590,0.45625,0.54375
591,0.64625,0.35375
592,0.533,0.467
593,0.127,0.873
594,0.8445,0.1555
595,0.406,0.594
596,0.38675,0.61325
597,0.70075,0.29925
598,0.296875,0.703125
599,0.31775,0.68225
600,0.1695,0.8305
601,0.44675,0.55325
602,0.069625,0.930375
603,0.69625,0.30375
604,0.3205,0.6795
605,0.392375,0.607625
606,0.17225,0.82775
607,0.32875,0.67125
608,0.581125,0.418875
609,0.44275,0.55725
610,0.76275,0.23725
611,0.650375,0.349625
612,0.38575,0.61425
613,0.803125,0.196875
614,0.134375,0.865625
615,0.8145,0.1855
616,0.467125,0.532875
617,0.873,0.127
618,0.656625,0.343375
619,0.921,0.079
620,0.466,0.534
621,0.512,0.488
622,0.82175,0.17825
623,0.621375,0.378625
624,0.385625,0.614375
625,0.42,0.58
626,0.262625,0.737375
627,0.419375,0.580625
628,0.27175,0.72825
629,0.665125,0.334875
630,0.777,0.223
631,0.87775,0.12225
632,0.311875,0.688125
633,0.515875,0.484125
634,0.603875,0.396125
635,0.27475,0.72525
636,0.293,0.707
637,0.2135,0.7865
638,0.69425,0.30575
639,0.296375,0.703625
640,0.332,0.668
641,0.175875,0.824125
642,0.199125,0.800875
643,0.74675,0.25325
644,0.408375,0.591625
645,0.70675,0.29325
646,0.431125,0.568875
647,0.218875,0.781125
648,0.592375,0.407625
649,0.432125,0.567875
650,0.374125,0.625875
651,0.307125,0.692875
652,0.63525,0.36475
653,0.147375,0.852625
654,0.66675,0.33325
655,0.663375,0.336625
656,0.342875,0.657125
657,0.919125,0.080875
658,0.400875,0.599125
659,0.16725,0.83275
660,0.620625,0.379375
661,0.766125,0.233875
662,0.52725,0.47275
663,0.31225,0.68775
664,0.938375,0.061625
665,0.713,0.287
666,0.6725,0.3275
667,0.40825,0.59175
668,0.597625,0.402375
669,0.908875,0.091125
670,0.319875,0.680125
671,0.885,0.115
672,0.5945,0.4055
673,0.758125,0.241875
674,0.387625,0.612375
675,0.628125,0.371875
676,0.175625,0.824375
677,0.346375,0.653625
678,0.17125,0.82875
679,0.854,0.146
680,0.448875,0.551125
681,0.623125,0.376875
682,0.46375,0.53625
683,0.732625,0.267375
684,0.41775,0.58225
685,0.828,0.172
686,0.608125,0.391875
687,0.04475,0.95525
688,0.34975,0.65025
689,0.6255,0.3745
690,0.77975,0.22025
691,0.5725,0.4275
692,0.732125,0.267875
693,0.02475,0.97525
694,0.927125,0.072875
695,0.76625,0.23375
696,0.616375,0.383625
697,0.2475,0.7525
698,0.55575,0.44425
699,0.04275,0.95725
700,0.044,0.956
701,0.371375,0.628625
702,0.686875,0.313125
703,0.39125,0.60875
704,0.413375,0.586625
705,0.002,0.998
706,0.286,0.714
707,0.555375,0.444625
708,0.934875,0.065125
709,0.9875,0.0125
710,0.0625,0.9375
711,0.819375,0.180625
712,0.312,0.688
713,0.36475,0.63525
714,0.123875,0.876125
715,0.556125,0.443875
716,0.534625,0.465375
717,0.087875,0.912125
718,0.0875,0.9125
719,0.180625,0.819375
720,0.551875,0.448125
721,0.519125,0.480875
722,0.916125,0.083875
723,0.657,0.343
724,0.320625,0.679375
725,0.721375,0.278625
726,0.395625,0.604375
727,0.43625,0.56375
728,0.754625,0.245375
729,0.280875,0.719125
730,0.586625,0.413375
731,0.092,0.908
732,0.71425,0.28575
733,0.053625,0.946375
734,0.648125,0.351875
735,0.2365,0.7635
736,0.5595,0.4405
737,0.9115,0.0885
738,0.14875,0.85125
739,0.062,0.938
740,0.38025,0.61975
741,0.81625,0.18375
742,0.574,0.426
743,0.1275,0.8725
744,0.402125,0.597875
745,0.6465,0.3535
746,0.099,0.901
747,0.737125,0.262875
748,0.647625,0.352375
749,0.1335,0.8665
750,0.84125,0.15875
751,0.51125,0.48875
752,0.45475,0.54525
753,0.65625,0.34375
754,0.382875,0.617125
755,0.535125,0.464875
756,0.403625,0.596375
757,0.882625,0.117375
758,0.90425,0.09575
759,0.258625,0.741375
760,0.73925,0.26075
761,0.48,0.52
762,0.877625,0.122375
763,0.654875,0.345125
764,0.484125,0.515875
765,0.869875,0.130125
766,0.666875,0.333125
767,0.445125,0.554875
768,0.585625,0.414375
769,0.576625,0.423375
770,0.2505,0.7495
771,0.8095,0.1905
772,0.8725,0.1275
773,0.646375,0.353625
774,0.268375,0.731625
775,0.694625,0.305375
776,0.106875,0.893125
777,0.739625,0.260375
778,0.45675,0.54325
779,0.020375,0.979625
780,0.7045,0.2955
781,0.2815,0.7185
782,0.336375,0.663625
783,0.529875,0.470125
784,0.484375,0.515625
785,0.814875,0.185125
786,0.717625,0.282375
787,0.208125,0.791875
788,0.274375,0.725625
789,0.70525,0.29475
790,0.138625,0.861375
791,0.386,0.614
792,0.24425,0.75575
793,0.983375,0.016625
794,0.551125,0.448875
795,0.681375,0.318625
796,0.894375,0.105625
797,0.070125,0.929875
798,0.85675,0.14325
799,0.547625,0.452375
800,0.397,0.603
801,0.44775,0.55225
802,0.517625,0.482375
803,0.710125,0.289875
804,0.553375,0.446625
805,0.2385,0.7615
806,0.512125,0.487875
807,0.18125,0.81875
808,0.68325,0.31675
809,0.41675,0.58325
810,0.781125,0.218875
811,0.815125,0.184875
812,0.989875,0.010125
813,0.685875,0.314125
814,0.834875,0.165125
815,0.12175,0.87825
816,0.374,0.626
817,0.880375,0.119625
818,0.8035,0.1965
819,0.186125,0.813875
820,0.351875,0.648125
821,0.1605,0.8395
822,0.277125,0.722875
823,0.692875,0.307125
824,0.564625,0.435375
825,0.5665,0.4335
826,0.554875,0.445125
827,0.37425,0.62575
828,0.25575,0.74425
829,0.769875,0.230125
830,0.341625,0.658375
831,0.15475,0.84525
832,0.834375,0.165625
833,0.08175,0.91825
834,0.047125,0.952875
835,0.6175,0.3825
836,0.271,0.729
837,0.72875,0.27125
838,0.367,0.633
839,0.658375,0.341625
840,0.45225,0.54775
841,0.819375,0.180625
842,0.8685,0.1315
843,0.888,0.112
844,0.0335,0.9665
845,0.4235,0.5765
846,0.2245,0.7755
847,0.947625,0.052375
848,0.521125,0.478875
849,0.59225,0.40775
850,0.884875,0.115125
851,0.80225,0.19775
852,0.24125,0.75875
853,0.6305,0.3695
854,0.575,0.425
855,0.681375,0.318625
856,0.9415,0.0585
857,0.069375,0.930625
858,0.260875,0.739125
859,0.526,0.474
860,0.565625,0.434375
861,0.81225,0.18775
862,0.112625,0.887375
863,0.471,0.529
864,0.258375,0.741625
865,0.446,0.554
866,0.6255,0.3745
867,0.558875,0.441125
868,0.678875,0.321125
869,0.29425,0.70575
870,0.433125,0.566875
871,0.717,0.283
872,0.601875,0.398125
873,0.8215,0.1785
874,0.711625,0.288375
875,0.488625,0.511375
876,0.775,0.225
877,0.382,0.618
878,0.50175,0.49825
879,0.081625,0.918375
880,0.636625,0.363375
881,0.49975,0.50025
882,0.692125,0.307875
883,0.66975,0.33025
884,0.727,0.273
885,0.829875,0.170125
886,0.4555,0.5445
887,0.2215,0.7785
888,0.74325,0.25675
889,0.670375,0.329625
890,0.7855,0.2145
891,0.9625,0.0375
892,0.1365,0.8635
893,0.76725,0.23275
894,0.63125,0.36875
895,0.429,0.571
896,0.555375,0.444625
897,0.34975,0.65025
898,0.051125,0.948875
899,0.294,0.706
900,0.583125,0.416875
901,0.58075,0.41925
902,0.776875,0.223125
903,0.509875,0.490125
904,0.78625,0.21375
905,0.569,0.431
906,0.250625,0.749375
907,0.773625,0.226375
908,0.5445,0.4555
909,0.8455,0.1545
910,0.5555,0.4445
911,0.676875,0.323125
912,0.68175,0.31825
913,0.596625,0.403375
914,0.26975,0.73025
915,0.626375,0.373625
916,0.61075,0.38925
917,0.53725,0.46275
918,0.775125,0.224875
919,0.37525,0.62475
920,0.698375,0.301625
921,0.2305,0.7695
922,0.3675,0.6325
923,0.2175,0.7825
924,0.46775,0.53225
925,0.57875,0.42125
926,0.4685,0.5315
927,0.454375,0.545625
928,0.222125,0.777875
929,0.5935,0.4065
930,0.248875,0.751125
931,0.337375,0.662625
932,0.8645,0.1355
933,0.769,0.231
934,0.8405,0.1595
935,0.681625,0.318375
936,0.24375,0.75625
937,0.513,0.487
938,0.885625,0.114375
939,0.290625,0.709375
940,0.1575,0.8425
941,0.179,0.821
942,0.566875,0.433125
943,0.46525,0.53475
944,0.9165,0.0835
945,0.652,0.348
946,0.891125,0.108875
947,0.171625,0.828375
948,0.490875,0.509125
949,0.63825,0.36175
950,0.623625,0.376375
951,0.8335,0.1665
952,0.699625,0.300375
953,0.46075,0.53925
954,0.61725,0.38275
955,0.860375,0.139625
956,0.582125,0.417875
957,0.78375,0.21625
958,0.35,0.65
959,0.420125,0.579875
960,0.537625,0.462375
961,0.58425,0.41575
962,0.467125,0.532875
963,0.260375,0.739625
964,0.434,0.566
965,0.384875,0.615125
966,0.837,0.163
967,0.43275,0.56725
968,0.268375,0.731625
969,0.612875,0.387125
970,0.926875,0.073125
971,0.9155,0.0845
972,0.482625,0.517375
973,0.806625,0.193375
974,0.674375,0.325625
975,0.74675,0.25325
976,0.842625,0.157375
977,0.10425,0.89575
978,0.57275,0.42725
979,0.607125,0.392875
980,0.83875,0.16125
981,0.715625,0.284375
982,0.184125,0.815875
983,0.717125,0.282875
984,0.844,0.156
985,0.44775,0.55225
986,0.2295,0.7705
987,0.922625,0.077375
988,0.98725,0.01275
989,0.9725,0.0275
990,0.497375,0.502625
991,0.71125,0.28875
992,0.137375,0.862625
993,0.906125,0.093875
994,0.175625,0.824375
995,0.3995,0.6005
996,0.837875,0.162125
997,0.43675,0.56325
998,0.31925,0.68075
999,0.559,0.441
1000,0.10525,0.89475
1001,0.863375,0.136625
1002,0.710625,0.289375
1003,0.484,0.516
1004,0.773875,0.226125
1005,0.677875,0.322125
1006,0.4305,0.5695
1007,0.54925,0.45075
1008,0.9285,0.0715
1009,0.555125,0.444875
1010,0.86025,0.13975
1011,0.9555,0.0445
1012,0.607875,0.392125
1013,0.883875,0.116125
1014,0.24525,0.75475
1015,0.356375,0.643625
1016,0.65925,0.34075
1017,0.215125,0.784875
1018,0.184,0.816
1019,0.181375,0.818625
1020,0.963375,0.036625
1021,0.875875,0.124125
1022,0.885125,0.114875
1023,0.3115,0.6885
1024,0.79875,0.20125
1025,0.61775,0.38225
1026,0.98675,0.01325
1027,0.809625,0.190375
1028,0.929625,0.070375
1029,0.688,0.312
1030,0.546125,0.453875
1031,0.40075,0.59925
1032,0.7885,0.2115
1033,0.5985,0.4015
1034,0.38775,0.61225
1035,0.664375,0.335625
1036,0.422125,0.577875
1037,0.322125,0.677875
1038,0.45025,0.54975
1039,0.66325,0.33675
1040,0.562625,0.437375
1041,0.637375,0.362625
1042,0.6005,0.3995
1043,0.450875,0.549125
1044,0.593375,0.406625
1045,0.4865,0.5135
1046,0.616,0.384
1047,0.702625,0.297375
1048,0.6175,0.3825
1049,0.30975,0.69025
1050,0.4245,0.5755
1051,0.500125,0.499875
1052,0.429,0.571
1053,0.61475,0.38525
1054,0.076375,0.923625
1055,0.155875,0.844125
1056,0.905375,0.094625
1057,0.619,0.381
1058,0.219375,0.780625
1059,0.072,0.928
1060,0.172875,0.827125
1061,0.639625,0.360375
1062,0.255625,0.744375
1063,0.762,0.238
1064,0.98075,0.01925
1065,0.144625,0.855375
1066,0.109375,0.890625
1067,0.34375,0.65625
1068,0.538625,0.461375
1069,0.528375,0.471625
1070,0.868375,0.131625
1071,0.923875,0.076125
1072,0.18225,0.81775
1073,0.20825,0.79175
1074,0.40125,0.59875
1075,0.571,0.429
1076,0.36425,0.63575
1077,0.124,0.876
1078,0.160625,0.839375
1079,0.084875,0.915125
1080,0.435375,0.564625
1081,0.22475,0.77525
1082,0.748625,0.251375
1083,0.50425,0.49575
1084,0.627,0.373
1085,0.91125,0.08875
1086,0.187875,0.812125
1087,0.61525,0.38475
1088,0.338625,0.661375
1089,0.85825,0.14175
1090,0.726,0.274
1091,0.419125,0.580875
1092,0.355875,0.644125
1093,0.5285,0.4715
1094,0.160375,0.839625
1095,0.850125,0.149875
1096,0.738875,0.261125
1097,0.362,0.638
1098,0.079125,0.920875
1099,0.40525,0.59475
1100,0.436875,0.563125
1101,0.36675,0.63325
1102,0.511125,0.488875
1103,0.281875,0.718125
1104,0.18875,0.81125
1105,0.144375,0.855625
1106,0.51075,0.48925
1107,0.815,0.185
1108,0.34475,0.65525
1109,0.54325,0.45675
1110,0.229,0.771
1111,0.898625,0.101375
1112,0.602125,0.397875
1113,0.10125,0.89875
1114,0.2905,0.7095
1115,0.399,0.601
1116,0.628,0.372
1117,0.879625,0.120375
1118,0.31825,0.68175
1119,0.481,0.519
1120,0.30775,0.69225
1121,0.20275,0.79725
1122,0.187375,0.812625
1123,0.614625,0.385375
1124,0.32425,0.67575
1125,0.177875,0.822125
1126,0.34925,0.65075
1127,0.331625,0.668375
1128,0.080125,0.919875
1129,0.152625,0.847375
1130,0.45675,0.54325
1131,0.249375,0.750625
1132,0.462,0.538
1133,0.470625,0.529375
1134,0.940375,0.059625
1135,0.365,0.635
1136,0.753375,0.246625
1137,0.888125,0.111875
1138,0.18725,0.81275
1139,0.31675,0.68325
1140,0.161375,0.838625
1141,0.390875,0.609125
1142,0.74675,0.25325
1143,0.345,0.655
1144,0.128,0.872
1145,0.714375,0.285625
1146,0.332625,0.667375
1147,0.79875,0.20125
1148,0.044875,0.955125
1149,0.54675,0.45325
1150,0.5785,0.4215
1151,0.6035,0.3965
1152,0.34725,0.65275
1153,0.218625,0.781375
1154,0.055625,0.944375
1155,0.160125,0.839875
1156,0.57225,0.42775
1157,0.5265,0.4735
1158,0.602375,0.397625
1159,0.23025,0.76975
1160,0.12575,0.87425
1161,0.590625,0.409375
1162,0.32875,0.67125
1163,0.675875,0.324125
1164,0.980875,0.019125
1165,0.897375,0.102625
1166,0.92925,0.07075
1167,0.9185,0.0815
1168,0.194125,0.805875
1169,0.672,0.328
1170,0.591875,0.408125
1171,0.913125,0.086875
1172,0.650625,0.349375
1173,0.795375,0.204625
1174,0.782,0.218
1175,0.243375,0.756625
1176,0.70525,0.29475
1177,0.559875,0.440125
1178,0.6395,0.3605
1179,0.046,0.954
1180,0.556125,0.443875
1181,0.462,0.538
1182,0.702125,0.297875
1183,0.848,0.152
1184,0.706,0.294
1185,0.51375,0.48625
1186,0.813375,0.186625
1187,0.304375,0.695625
1188,0.90425,0.09575
1189,0.830875,0.169125
1190,0.169875,0.830125
1191,0.801875,0.198125
1192,0.76325,0.23675
1193,0.30575,0.69425
1194,0.936,0.064
1195,0.7425,0.2575
1196,0.45425,0.54575
1197,0.316375,0.683625
1198,0.221625,0.778375
1199,0.18175,0.81825
1200,0.5845,0.4155
1201,0.854375,0.145625
1202,0.75125,0.24875
1203,0.472875,0.527125
1204,0.230875,0.769125
1205,0.206,0.794
1206,0.199875,0.800125
1207,0.5185,0.4815
1208,0.3915,0.6085
1209,0.597,0.403
1210,0.7915,0.2085
1211,0.977125,0.022875
1212,0.47475,0.52525
1213,0.105875,0.894125
1214,0.862375,0.137625
1215,0.85075,0.14925
1216,0.757625,0.242375
1217,0.7345,0.2655
1218,0.234625,0.765375
1219,0.82625,0.17375
1220,0.659375,0.340625
1221,0.779875,0.220125
1222,0.6285,0.3715
1223,0.5945,0.4055
1224,0.784375,0.215625
1225,0.227,0.773
1226,0.715125,0.284875
1227,0.3665,0.6335
1228,0.077625,0.922375
1229,0.59075,0.40925
1230,0.89075,0.10925
1231,0.452625,0.547375
1232,0.072875,0.927125
1233,0.863625,0.136375
1234,0.942,0.058
1235,0.895875,0.104125
1236,0.56225,0.43775
1237,0.32825,0.67175
1238,0.124875,0.875125
1239,0.278625,0.721375
1240,0.1245,0.8755
1241,0.351,0.649
1242,0.587375,0.412625
1243,0.655125,0.344875
1244,0.663125,0.336875
1245,0.478875,0.521125
1246,0.839375,0.160625
1247,0.870875,0.129125
1248,0.417,0.583
1249,0.44525,0.55475
1250,0.1135,0.8865
1251,0.09675,0.90325
1252,0.707375,0.292625
1253,0.34725,0.65275
1254,0.94125,0.05875
1255,0.8105,0.1895
1256,0.0645,0.9355
1257,0.5125,0.4875
1258,0.34875,0.65125
1259,0.373625,0.626375
1260,0.979,0.021
1261,0.596,0.404
1262,0.813125,0.186875
1263,0.871375,0.128625
1264,0.693,0.307
1265,0.91575,0.08425
1266,0.959,0.041
1267,0.33225,0.66775
1268,0.41525,0.58475
1269,0.625,0.375
1270,0.58225,0.41775
1271,0.892,0.108
1272,0.822875,0.177125
1273,0.516875,0.483125
1274,0.496625,0.503375
1275,0.571125,0.428875
1276,0.523375,0.476625
1277,0.987125,0.012875
1278,0.82675,0.17325
1279,0.796125,0.203875
1280,0.873875,0.126125
1281,0.6595,0.3405
1282,0.34975,0.65025
1283,0.76475,0.23525
1284,0.74475,0.25525
1285,0.32075,0.67925
1286,0.470625,0.529375
1287,0.2125,0.7875
1288,0.535375,0.464625
1289,0.887875,0.112125
1290,0.369625,0.630375
1291,0.93825,0.06175
1292,0.259125,0.740875
1293,0.384625,0.615375
1294,0.4165,0.5835
1295,0.86825,0.13175
1296,0.429375,0.570625
1297,0.13475,0.86525
1298,0.575875,0.424125
1299,0.490375,0.509625
1300,0.83375,0.16625
1301,0.674875,0.325125
1302,0.371625,0.628375
1303,0.814,0.186
1304,0.745625,0.254375
1305,0.049625,0.950375
1306,0.78325,0.21675
1307,0.811625,0.188375
1308,0.465625,0.534375
1309,0.335125,0.664875
1310,0.56025,0.43975
1311,0.10925,0.89075
1312,0.16425,0.83575
1313,0.499375,0.500625
1314,0.158125,0.841875
1315,0.83525,0.16475
1316,0.599875,0.400125
1317,0.735625,0.264375
1318,0.1505,0.8495
1319,0.805875,0.194125
1320,0.36425,0.63575
1321,0.213875,0.786125
1322,0.13425,0.86575
1323,0.854,0.146
1324,0.709625,0.290375
1325,0.273625,0.726375
1326,0.91875,0.08125
1327,0.072,0.928
1328,0.49825,0.50175
1329,0.566625,0.433375
1330,0.492875,0.507125
1331,0.654125,0.345875
1332,0.7915,0.2085
1333,0.7515,0.2485
1334,0.651375,0.348625
1335,0.622375,0.377625
1336,0.32175,0.67825
1337,0.502375,0.497625
1338,0.624125,0.375875
1339,0.93225,0.06775
1340,0.59775,0.40225
1341,0.49875,0.50125
1342,0.91475,0.08525
1343,0.761,0.239
1344,0.525,0.475
1345,0.8035,0.1965
1346,0.11675,0.88325
1347,0.7275,0.2725
1348,0.24475,0.75525
1349,0.63975,0.36025
1350,0.335125,0.664875
1351,0.326625,0.673375
1352,0.123875,0.876125
1353,0.066,0.934
1354,0.81675,0.18325
1355,0.6305,0.3695
1356,0.328875,0.671125
1357,0.870125,0.129875
1358,0.92775,0.07225
1359,0.812625,0.187375
1360,0.47425,0.52575
1361,0.923125,0.076875
1362,0.216125,0.783875
1363,0.091375,0.908625
1364,0.61325,0.38675
1365,0.55675,0.44325
1366,0.767125,0.232875
1367,0.198125,0.801875
1368,0.473375,0.526625
1369,0.467875,0.532125
1370,0.54625,0.45375
1371,0.36225,0.63775
1372,0.121125,0.878875
1373,0.511125,0.488875
1374,0.391125,0.608875
1375,0.366875,0.633125
1376,0.44625,0.55375
1377,0.395625,0.604375
1378,0.710875,0.289125
1379,0.716,0.284
1380,0.695625,0.304375
1381,0.279875,0.720125
1382,0.2825,0.7175
1383,0.30275,0.69725
1384,0.23,0.77
1385,0.64675,0.35325
1386,0.7065,0.2935
1387,0.783625,0.216375
1388,0.6555,0.3445
1389,0.678,0.322
1390,0.2485,0.7515
1391,0.64675,0.35325
1392,0.837375,0.162625
1393,0.353125,0.646875
1394,0.5745,0.4255
1395,0.08475,0.91525
1396,0.3565,0.6435
1397,0.454625,0.545375
1398,0.245,0.755
1399,0.38375,0.61625
1400,0.537625,0.462375
1401,0.72375,0.27625
1402,0.66625,0.33375
1403,0.70375,0.29625
1404,0.223375,0.776625
1405,0.3795,0.6205
1406,0.48225,0.51775
1407,0.5455,0.4545
1408,0.074125,0.925875
1409,0.11925,0.88075
1410,0.513875,0.486125
1411,0.578625,0.421375
1412,0.454875,0.545125
1413,0.086875,0.913125
1414,0.479625,0.520375
1415,0.87375,0.12625
1416,0.942875,0.057125
1417,0.574125,0.425875
1418,0.22425,0.77575
1419,0.415125,0.584875
1420,0.256125,0.743875
1421,0.579,0.421
1422,0.668875,0.331125
1423,0.451125,0.548875
1424,0.33125,0.66875
1425,0.210125,0.789875
1426,0.835,0.165
1427,0.46675,0.53325
1428,0.44425,0.55575
1429,0.132375,0.867625
1430,0.60525,0.39475
1431,0.625875,0.374125
1432,0.54425,0.45575
1433,0.622,0.378
1434,0.7525,0.2475
1435,0.444625,0.555375
1436,0.5525,0.4475
1437,0.616875,0.383125
1438,0.92475,0.07525
1439,0.119625,0.880375
1440,0.48675,0.51325
1441,0.101375,0.898625
1442,0.59875,0.40125
1443,0.886125,0.113875
1444,0.309375,0.690625
1445,0.985625,0.014375
1446,0.548625,0.451375
1447,0.41125,0.58875
1448,0.525625,0.474375
1449,0.740125,0.259875
1450,0.5025,0.4975
1451,0.78775,0.21225
1452,0.70575,0.29425
1453,0.636,0.364
1454,0.288375,0.711625
1455,0.742125,0.257875
1456,0.9925,0.0075
1457,0.566125,0.433875
1458,0.77025,0.22975
1459,0.60575,0.39425
1460,0.464125,0.535875
1461,0.356125,0.643875
1462,0.20675,0.79325
1463,0.29825,0.70175
1464,0.12525,0.87475
1465,0.941125,0.058875
1466,0.09,0.91
1467,0.928625,0.071375
1468,0.167375,0.832625
1469,0.223375,0.776625
1470,0.571375,0.428625
1471,0.477375,0.522625
1472,0.187625,0.812375
1473,0.322,0.678
1474,0.942375,0.057625
1475,0.340625,0.659375
1476,0.897125,0.102875
1477,0.227375,0.772625
1478,0.20625,0.79375
1479,0.49,0.51
1480,0.3805,0.6195
1481,0.13325,0.86675
1482,0.90025,0.09975
1483,0.937375,0.062625
1484,0.250625,0.749375
1485,0.511875,0.488125
1486,0.84625,0.15375
1487,0.13875,0.86125
1488,0.430625,0.569375
1489,0.788375,0.211625
1490,0.575,0.425
1491,0.269375,0.730625
1492,0.334875,0.665125
1493,0.49375,0.50625
1494,0.5755,0.4245
1495,0.113625,0.886375
1496,0.21875,0.78125
1497,0.694375,0.305625
1498,0.759125,0.240875
1499,0.237125,0.762875
1500,0.3955,0.6045
1501,0.82125,0.17875
1502,0.827125,0.172875
1503,0.52425,0.47575
1504,0.013125,0.986875
1505,0.79375,0.20625
1506,0.841875,0.158125
1507,0.11325,0.88675
1508,0.731125,0.268875
1509,0.633875,0.366125
1510,0.72975,0.27025
1511,0.655,0.345
1512,0.61125,0.38875
1513,0.21625,0.78375
1514,0.8305,0.1695
1515,0.825,0.175
1516,0.188875,0.811125
1517,0.585875,0.414125
1518,0.1665,0.8335
1519,0.531125,0.468875
1520,0.7625,0.2375
1521,0.78025,0.21975
1522,0.88625,0.11375
1523,0.542125,0.457875
1524,0.40325,0.59675
1525,0.35,0.65
1526,0.3365,0.6635
1527,0.969125,0.030875
1528,0.734125,0.265875
1529,0.430125,0.569875
1530,0.2705,0.7295
1531,0.347875,0.652125
1532,0.269375,0.730625
1533,0.099125,0.900875
1534,0.28275,0.71725
1535,0.257625,0.742375
1536,0.678875,0.321125
1537,0.6975,0.3025
1538,0.348375,0.651625
1539,0.173125,0.826875
1540,0.558625,0.441375
1541,0.761625,0.238375
1542,0.93,0.07
1543,0.178625,0.821375
1544,0.596375,0.403625
1545,0.189375,0.810625
1546,0.353,0.647
1547,0.011,0.989
1548,0.247375,0.752625
1549,0.594,0.406
1550,0.7315,0.2685
1551,0.771125,0.228875
1552,0.255625,0.744375
1553,0.284625,0.715375
1554,0.823125,0.176875
1555,0.48475,0.51525
1556,0.742125,0.257875
1557,0.775375,0.224625
1558,0.29775,0.70225
1559,0.757125,0.242875
1560,0.5165,0.4835
1561,0.276375,0.723625
1562,0.583375,0.416625
1563,0.4505,0.5495
1564,0.4905,0.5095
1565,0.710625,0.289375
1566,0.4645,0.5355
1567,0.720875,0.279125
1568,0.63675,0.36325
1569,0.1295,0.8705
1570,0.76875,0.23125
1571,0.469875,0.530125
1572,0.53575,0.46425
1573,0.118,0.882
1574,0.425875,0.574125
1575,0.231,0.769
1576,0.512875,0.487125
1577,0.663125,0.336875
1578,0.56425,0.43575
1579,0.1075,0.8925
1580,0.191875,0.808125
1581,0.09375,0.90625
1582,0.388625,0.611375
1583,0.582625,0.417375
1584,0.487,0.513
1585,0.652875,0.347125
1586,0.7155,0.2845
1587,0.6515,0.3485
1588,0.5575,0.4425
1589,0.71875,0.28125
1590,0.18625,0.81375
1591,0.985875,0.014125
1592,0.144625,0.855375
1593,0.89675,0.10325
1594,0.166625,0.833375
1595,0.5625,0.4375
1596,0.656625,0.343375
1597,0.36425,0.63575
1598,0.065,0.935
1599,0.638375,0.361625
1600,0.54575,0.45425
1601,0.387875,0.612125
1602,0.150625,0.849375
1603,0.6995,0.3005
1604,0.587,0.413
1605,0.413625,0.586375
1606,0.650125,0.349875
1607,0.834375,0.165625
1608,0.456125,0.543875
1609,0.431625,0.568375
1610,0.755125,0.244875
1611,0.625625,0.374375
1612,0.965875,0.034125
1613,0.46775,0.53225
1614,0.038875,0.961125
1615,0.321125,0.678875
1616,0.653875,0.346125
1617,0.331,0.669
1618,0.51125,0.48875
1619,0.114375,0.885625
1620,0.872625,0.127375
1621,0.87925,0.12075
1622,0.906375,0.093625
1623,0.855375,0.144625
1624,0.189,0.811
1625,0.48475,0.51525
1626,0.597875,0.402125
1627,0.554375,0.445625
1628,0.988,0.012
1629,0.347875,0.652125
1630,0.416,0.584
1631,0.655,0.345
1632,0.81575,0.18425
1633,0.25325,0.74675
1634,0.877375,0.122625
1635,0.547,0.453
1636,0.44525,0.55475
1637,0.083125,0.916875
1638,0.207,0.793
1639,0.09225,0.90775
1640,0.758125,0.241875
1641,0.508625,0.491375
1642,0.782,0.218
1643,0.7825,0.2175
1644,0.912125,0.087875
1645,0.127125,0.872875
1646,0.537625,0.462375
1647,0.2895,0.7105
1648,0.4025,0.5975
1649,0.126375,0.873625
1650,0.4005,0.5995
1651,0.617,0.383
1652,0.410125,0.589875
1653,0.09575,0.90425
1654,0.3385,0.6615
1655,0.202875,0.797125
1656,0.59875,0.40125
1657,0.67375,0.32625
1658,0.818625,0.181375
1659,0.123125,0.876875
1660,0.391125,0.608875
1661,0.254375,0.745625
1662,0.12925,0.87075
1663,0.663375,0.336625
1664,0.636625,0.363375
1665,0.059375,0.940625
1666,0.342875,0.657125
1667,0.93575,0.06425
1668,0.357625,0.642375
1669,0.593625,0.406375
1670,0.676375,0.323625
1671,0.553625,0.446375
1672,0.504875,0.495125
1673,0.493375,0.506625
1674,0.257125,0.742875
1675,0.561875,0.438125
1676,0.17825,0.82175
1677,0.232,0.768
1678,0.23075,0.76925
1679,0.213375,0.786625
1680,0.296125,0.703875
1681,0.6855,0.3145
1682,0.512625,0.487375
1683,0.373125,0.626875
1684,0.168875,0.831125
1685,0.948375,0.051625
1686,0.09025,0.90975
1687,0.39475,0.60525
1688,0.4195,0.5805
1689,0.549875,0.450125
1690,0.22575,0.77425
1691,0.546125,0.453875
1692,0.349875,0.650125
1693,0.90525,0.09475
1694,0.687375,0.312625
1695,0.661625,0.338375
1696,0.29925,0.70075
1697,0.37975,0.62025
1698,0.79775,0.20225
1699,0.2715,0.7285
1700,0.483625,0.516375
1701,0.4985,0.5015
1702,0.483125,0.516875
1703,0.481375,0.518625
1704,0.56225,0.43775
1705,0.36,0.64
1706,0.363375,0.636625
1707,0.42625,0.57375
1708,0.651625,0.348375
1709,0.2495,0.7505
1710,0.694,0.306
1711,0.890375,0.109625
1712,0.2295,0.7705
1713,0.6275,0.3725
1714,0.89975,0.10025
1715,0.581875,0.418125
1716,0.7475,0.2525
1717,0.425125,0.574875
1718,0.32425,0.67575
1719,0.142375,0.857625
1720,0.448875,0.551125
1721,0.827625,0.172375
1722,0.914875,0.085125
1723,0.459125,0.540875
1724,0.367625,0.632375
1725,0.535875,0.464125
1726,0.85175,0.14825
1727,0.529375,0.470625
1728,0.137875,0.862125
1729,0.578375,0.421625
1730,0.392625,0.607375
1731,0.677625,0.322375
1732,0.286125,0.713875
1733,0.370375,0.629625
1734,0.690125,0.309875
1735,0.7015,0.2985
1736,0.391875,0.608125
1737,0.811,0.189
1738,0.41075,0.58925
1739,0.571875,0.428125
1740,0.22225,0.77775
1741,0.66025,0.33975
1742,0.686,0.314
1743,0.1315,0.8685
1744,0.70525,0.29475
1745,0.753625,0.246375
1746,0.2675,0.7325
1747,0.537,0.463
1748,0.53775,0.46225
1749,0.33875,0.66125
1750,0.389875,0.610125
1751,0.2475,0.7525
1752,0.57075,0.42925
1753,0.676875,0.323125
1754,0.182,0.818
1755,0.477125,0.522875
1756,0.100625,0.899375
1757,0.6055,0.3945
1758,0.1945,0.8055
1759,0.451875,0.548125
1760,0.756875,0.243125
1761,0.7585,0.2415
1762,0.277625,0.722375
1763,0.518,0.482
1764,0.103375,0.896625
1765,0.8825,0.1175
1766,0.56275,0.43725
1767,0.72375,0.27625
1768,0.93275,0.06725
1769,0.408375,0.591625
1770,0.56225,0.43775
1771,0.121375,0.878625
1772,0.6515,0.3485
1773,0.81325,0.18675
1774,0.128,0.872
1775,0.598125,0.401875
1776,0.0795,0.9205
1777,0.384625,0.615375
1778,0.15625,0.84375
1779,0.481875,0.518125
1780,0.417375,0.582625
1781,0.369625,0.630375
1782,0.4085,0.5915
1783,0.73525,0.26475
1784,0.624875,0.375125
1785,0.647375,0.352625
1786,0.877875,0.122125
1787,0.975,0.025
1788,0.529,0.471
1789,0.035625,0.964375
1790,0.811375,0.188625
1791,0.532375,0.467625
1792,0.769625,0.230375
1793,0.12125,0.87875
1794,0.364125,0.635875
1795,0.5285,0.4715
1796,0.7595,0.2405
1797,0.441,0.559
1798,0.206125,0.793875
1799,0.39325,0.60675
1800,0.814875,0.185125
1801,0.6305,0.3695
1802,0.633875,0.366125
1803,0.06975,0.93025
1804,0.946875,0.053125
1805,0.407,0.593
1806,0.213875,0.786125
1807,0.441,0.559
1808,0.105375,0.894625
1809,0.656625,0.343375
1810,0.118625,0.881375
1811,0.586875,0.413125
1812,0.104125,0.895875
1813,0.736,0.264
1814,0.47975,0.52025
1815,0.32625,0.67375
1816,0.95325,0.04675
1817,0.457875,0.542125
1818,0.9805,0.0195
1819,0.360625,0.639375
1820,0.45625,0.54375
1821,0.341,0.659
1822,0.42625,0.57375
1823,0.5315,0.4685
1824,0.2675,0.7325
1825,0.928,0.072
1826,0.391125,0.608875
1827,0.328625,0.671375
1828,0.922625,0.077375
1829,0.7145,0.2855
1830,0.328125,0.671875
1831,0.842125,0.157875
1832,0.638875,0.361125
1833,0.573375,0.426625
1834,0.816375,0.183625
1835,0.112375,0.887625
1836,0.67475,0.32525
1837,0.05975,0.94025
1838,0.632375,0.367625
1839,0.31025,0.68975
1840,0.887625,0.112375
1841,0.7005,0.2995
1842,0.24,0.76
1843,0.66275,0.33725
1844,0.547875,0.452125
1845,0.75225,0.24775
1846,0.903625,0.096375
1847,0.745625,0.254375
1848,0.239125,0.760875
1849,0.38325,0.61675
1850,0.982375,0.017625
1851,0.0595,0.9405
1852,0.783375,0.216625
1853,0.367125,0.632875
1854,0.375875,0.624125
1855,0.179375,0.820625
1856,0.309,0.691
1857,0.46575,0.53425
1858,0.202125,0.797875
1859,0.873625,0.126375
1860,0.598875,0.401125
1861,0.923875,0.076125
1862,0.61,0.39
1863,0.02475,0.97525
1864,0.173125,0.826875
1865,0.59225,0.40775
1866,0.414125,0.585875
1867,0.457875,0.542125
1868,0.81825,0.18175
1869,0.852625,0.147375
1870,0.14375,0.85625
1871,0.7305,0.2695
1872,0.63875,0.36125
1873,0.638375,0.361625
1874,0.39625,0.60375
1875,0.441625,0.558375
1876,0.3125,0.6875
1877,0.6225,0.3775
1878,0.381,0.619
1879,0.85375,0.14625
1880,0.790625,0.209375
1881,0.11225,0.88775
1882,0.072625,0.927375
1883,0.862125,0.137875
1884,0.065,0.935
1885,0.301625,0.698375
1886,0.824,0.176
1887,0.6955,0.3045
1888,0.513125,0.486875
1889,0.569875,0.430125
1890,0.736875,0.263125
1891,0.4125,0.5875
1892,0.6575,0.3425
1893,0.402,0.598
1894,0.5915,0.4085
1895,0.101625,0.898375
1896,0.910625,0.089375
1897,0.2795,0.7205
1898,0.1275,0.8725
1899,0.421125,0.578875
1900,0.431375,0.568625
1901,0.6345,0.3655
1902,0.926875,0.073125
1903,0.7195,0.2805
1904,0.3295,0.6705
1905,0.136375,0.863625
1906,0.065875,0.934125
1907,0.587375,0.412625
1908,0.912125,0.087875
1909,0.864,0.136
1910,0.7925,0.2075
1911,0.7185,0.2815
1912,0.061,0.939
1913,0.507375,0.492625
1914,0.964875,0.035125
1915,0.210375,0.789625
1916,0.592,0.408
1917,0.49425,0.50575
1918,0.196125,0.803875
1919,0.532,0.468
1920,0.284875,0.715125
1921,0.30675,0.69325
1922,0.697875,0.302125
1923,0.316625,0.683375
1924,0.947375,0.052625
1925,0.57775,0.42225
1926,0.1225,0.8775
1927,0.378,0.622
1928,0.080875,0.919125
1929,0.687875,0.312125
1930,0.728625,0.271375
1931,0.509125,0.490875
1932,0.693125,0.306875
1933,0.815875,0.184125
1934,0.09675,0.90325
1935,0.433375,0.566625
1936,0.2235,0.7765
1937,0.82325,0.17675
1938,0.320375,0.679625
1939,0.26,0.74
1940,0.25875,0.74125
1941,0.939625,0.060375
1942,0.890875,0.109125
1943,0.228125,0.771875
1944,0.967625,0.032375
1945,0.977875,0.022125
1946,0.198125,0.801875
1947,0.407625,0.592375
1948,0.29225,0.70775
1949,0.86525,0.13475
1950,0.092,0.908
1951,0.30325,0.69675
1952,0.61775,0.38225
1953,0.766125,0.233875
1954,0.32275,0.67725
1955,0.4005,0.5995
1956,0.061125,0.938875
1957,0.474375,0.525625
1958,0.525625,0.474375
1959,0.64525,0.35475
1960,0.72425,0.27575
1961,0.177625,0.822375
1962,0.302125,0.697875
1963,0.1915,0.8085
1964,0.228625,0.771375
1965,0.227625,0.772375
1966,0.568,0.432
1967,0.61375,0.38625
1968,0.208,0.792
1969,0.301,0.699
1970,0.925875,0.074125
1971,0.58675,0.41325
1972,0.144,0.856
1973,0.971375,0.028625
1974,0.423625,0.576375
1975,0.454,0.546
1976,0.12275,0.87725
1977,0.56075,0.43925
1978,0.7175,0.2825
1979,0.672,0.328
1980,0.567375,0.432625
1981,0.928375,0.071625
1982,0.345125,0.654875
1983,0.790125,0.209875
1984,0.711875,0.288125
1985,0.91375,0.08625
1986,0.874625,0.125375
1987,0.679875,0.320125
1988,0.3535,0.6465
1989,0.533625,0.466375
1990,0.283875,0.716125
1991,0.077,0.923
1992,0.091,0.909
1993,0.305625,0.694375
1994,0.853875,0.146125
1995,0.2835,0.7165
1996,0.868375,0.131625
1997,0.703625,0.296375
1998,0.119,0.881
1999,0.69125,0.30875
2000,0.422875,0.577125
2001,0.75425,0.24575
2002,0.750875,0.249125
2003,0.0745,0.9255
2004,0.674125,0.325875
2005,0.1675,0.8325
2006,0.225625,0.774375
2007,0.845125,0.154875
2008,0.5935,0.4065
2009,0.94575,0.05425
2010,0.17675,0.82325
2011,0.4305,0.5695
2012,0.1805,0.8195
2013,0.15925,0.84075
2014,0.065125,0.934875
2015,0.041375,0.958625
2016,0.714125,0.285875
2017,0.362625,0.637375
2018,0.8005,0.1995
2019,0.333,0.667
2020,0.272375,0.727625
2021,0.33575,0.66425
2022,0.66525,0.33475
2023,0.473625,0.526375
2024,0.861625,0.138375
2025,0.38275,0.61725
2026,0.879875,0.120125
2027,0.64725,0.35275
2028,0.723875,0.276125
2029,0.860375,0.139625
2030,0.896,0.104
2031,0.46425,0.53575
2032,0.20225,0.79775
2033,0.5985,0.4015
2034,0.3795,0.6205
2035,0.505,0.495
2036,0.43175,0.56825
2037,0.863625,0.136375
2038,0.465,0.535
2039,0.8615,0.1385
2040,0.82025,0.17975
2041,0.763,0.237
2042,0.5415,0.4585
2043,0.828625,0.171375
2044,0.324,0.676
2045,0.218125,0.781875
2046,0.79825,0.20175
2047,0.7215,0.2785
2048,0.57725,0.42275
2049,0.337625,0.662375
2050,0.765375,0.234625
2051,0.220125,0.779875
2052,0.169875,0.830125
2053,0.943375,0.056625
2054,0.69425,0.30575
2055,0.239,0.761
2056,0.142375,0.857625
2057,0.4405,0.5595
2058,0.71375,0.28625
2059,0.40275,0.59725
2060,0.225375,0.774625
2061,0.32125,0.67875
2062,0.38975,0.61025
2063,0.327125,0.672875
2064,0.990125,0.009875
2065,0.68375,0.31625
2066,0.470375,0.529625
2067,0.383625,0.616375
2068,0.2145,0.7855
2069,0.604,0.396
2070,0.665375,0.334625
2071,0.825,0.175
2072,0.696375,0.303625
2073,0.523375,0.476625
2074,0.7825,0.2175
2075,0.47525,0.52475
2076,0.524375,0.475625
2077,0.365375,0.634625
2078,0.77975,0.22025
2079,0.279625,0.720375
2080,0.6255,0.3745
2081,0.627875,0.372125
2082,0.401125,0.598875
2083,0.2935,0.7065
2084,0.958875,0.041125
2085,0.47625,0.52375
2086,0.219625,0.780375
2087,0.348625,0.651375
2088,0.74225,0.25775
2089,0.164375,0.835625
2090,0.771,0.229
2091,0.779375,0.220625
2092,0.21625,0.78375
2093,0.468,0.532
2094,0.44925,0.55075
2095,0.94175,0.05825
2096,0.699375,0.300625
2097,0.704125,0.295875
2098,0.9865,0.0135
2099,0.72775,0.27225
2100,0.078875,0.921125
2101,0.013,0.987
2102,0.80925,0.19075
2103,0.23775,0.76225
2104,0.52625,0.47375
2105,0.339375,0.660625
2106,0.384,0.616
2107,0.413,0.587
2108,0.55625,0.44375
2109,0.17425,0.82575
2110,0.860125,0.139875
2111,0.732875,0.267125
2112,0.3485,0.6515
2113,0.033375,0.966625
2114,0.240125,0.759875
2115,0.380875,0.619125
2116,0.469875,0.530125
2117,0.748625,0.251375
2118,0.361,0.639
2119,0.39275,0.60725
2120,0.304875,0.695125
2121,0.309625,0.690375
2122,0.878125,0.121875
2123,0.23825,0.76175
2124,0.4525,0.5475
2125,0.4865,0.5135
2126,0.24525,0.75475
2127,0.50075,0.49925
2128,0.43275,0.56725
2129,0.41625,0.58375
2130,0.098625,0.901375
2131,0.054625,0.945375
2132,0.36025,0.63975
2133,0.574875,0.425125
2134,0.379875,0.620125
2135,0.840625,0.159375
2136,0.22225,0.77775
2137,0.712375,0.287625
2138,0.847875,0.152125
2139,0.79325,0.20675
2140,0.252875,0.747125
2141,0.10725,0.89275
2142,0.24625,0.75375
2143,0.730625,0.269375
2144,0.460125,0.539875
2145,0.104375,0.895625
2146,0.529625,0.470375
2147,0.640125,0.359875
2148,0.917625,0.082375
2149,0.82625,0.17375
2150,0.422125,0.577875
2151,0.7825,0.2175
2152,0.494125,0.505875
2153,0.459,0.541
2154,0.187875,0.812125
2155,0.057875,0.942125
2156,0.380625,0.619375
2157,0.1755,0.8245
2158,0.22025,0.77975
2159,0.175125,0.824875
2160,0.572,0.428
2161,0.626125,0.373875
2162,0.499125,0.500875
2163,0.315,0.685
2164,0.61225,0.38775
2165,0.646625,0.353375
2166,0.441625,0.558375
2167,0.55125,0.44875
2168,0.869125,0.130875
2169,0.831125,0.168875
2170,0.4235,0.5765
2171,0.97,0.03
2172,0.242875,0.757125
2173,0.437125,0.562875
2174,0.77925,0.22075
2175,0.791375,0.208625
2176,0.898625,0.101375
2177,0.795,0.205
2178,0.95575,0.04425
2179,0.55525,0.44475
2180,0.311875,0.688125
2181,0.186375,0.813625
2182,0.424125,0.575875
2183,0.491375,0.508625
2184,0.737125,0.262875
2185,0.682,0.318
2186,0.275875,0.724125
2187,0.119875,0.880125
2188,0.654875,0.345125
2189,0.753125,0.246875
2190,0.3385,0.6615
2191,0.386,0.614
2192,0.7585,0.2415
2193,0.471875,0.528125
2194,0.76225,0.23775
2195,0.7565,0.2435
2196,0.4385,0.5615
2197,0.907375,0.092625
2198,0.660375,0.339625
2199,0.63575,0.36425
2200,0.882875,0.117125
2201,0.400375,0.599625
2202,0.743375,0.256625
2203,0.894875,0.105125
2204,0.083375,0.916625
2205,0.514625,0.485375
2206,0.58325,0.41675
2207,0.446,0.554
2208,0.260125,0.739875
2209,0.38,0.62
2210,0.56875,0.43125
2211,0.5095,0.4905
2212,0.035625,0.964375
2213,0.405,0.595
2214,0.559875,0.440125
2215,0.374625,0.625375
2216,0.617625,0.382375
2217,0.676,0.324
2218,0.039,0.961
2219,0.8275,0.1725
2220,0.823375,0.176625
2221,0.532625,0.467375
2222,0.37325,0.62675
2223,0.314875,0.685125
2224,0.247375,0.752625
2225,0.698875,0.301125
2226,0.6815,0.3185
2227,0.23175,0.76825
2228,0.055875,0.944125
2229,0.347875,0.652125
2230,0.371375,0.628625
2231,0.17425,0.82575
2232,0.327,0.673
2233,0.669125,0.330875
2234,0.527375,0.472625
2235,0.08675,0.91325
2236,0.292625,0.707375
2237,0.676625,0.323375
2238,0.86975,0.13025
2239,0.215375,0.784625
2240,0.208125,0.791875
2241,0.7435,0.2565
2242,0.84325,0.15675
2243,0.293375,0.706625
2244,0.27125,0.72875
2245,0.244,0.756
2246,0.3365,0.6635
2247,0.625,0.375
2248,0.995,0.005
2249,0.104125,0.895875
2250,0.340375,0.659625
2251,0.130625,0.869375
2252,0.76,0.24
2253,0.936625,0.063375
2254,0.57275,0.42725
2255,0.564125,0.435875
2256,0.411,0.589
2257,0.1745,0.8255
2258,0.548625,0.451375
2259,0.333875,0.666125
2260,0.627375,0.372625
2261,0.811375,0.188625
2262,0.39325,0.60675
2263,0.826,0.174
2264,0.571625,0.428375
2265,0.7365,0.2635
2266,0.19375,0.80625
2267,0.376625,0.623375
2268,0.671375,0.328625
2269,0.604,0.396
2270,0.386375,0.613625
2271,0.386625,0.613375
2272,0.18825,0.81175
2273,0.286,0.714
2274,0.561125,0.438875
2275,0.258625,0.741375
2276,0.776,0.224
2277,0.572125,0.427875
2278,0.75275,0.24725
2279,0.14225,0.85775
2280,0.220125,0.779875
2281,0.693875,0.306125
2282,0.594375,0.405625
2283,0.8405,0.1595
2284,0.867875,0.132125
2285,0.73,0.27
2286,0.290125,0.709875
2287,0.249375,0.750625
2288,0.488,0.512
2289,0.688625,0.311375
2290,0.555375,0.444625
2291,0.5905,0.4095
2292,0.134875,0.865125
2293,0.3055,0.6945
2294,0.327875,0.672125
2295,0.430875,0.569125
2296,0.22825,0.77175
2297,0.694625,0.305375
2298,0.223375,0.776625
2299,0.643125,0.356875
2300,0.828125,0.171875
2301,0.548875,0.451125
2302,0.223,0.777
2303,0.178125,0.821875
2304,0.740375,0.259625
2305,0.902375,0.097625
2306,0.575625,0.424375
2307,0.20625,0.79375
2308,0.7905,0.2095
2309,0.93425,0.06575
2310,0.63925,0.36075
2311,0.907125,0.092875
2312,0.811,0.189
2313,0.8405,0.1595
2314,0.8765,0.1235
2315,0.529125,0.470875
2316,0.516,0.484
2317,0.9465,0.0535
2318,0.674875,0.325125
2319,0.1835,0.8165
2320,0.495125,0.504875
2321,0.18875,0.81125
2322,0.62825,0.37175
2323,0.748125,0.251875
2324,0.647625,0.352375
2325,0.087125,0.912875
2326,0.8685,0.1315
2327,0.252375,0.747625
2328,0.857375,0.142625
2329,0.685875,0.314125
2330,0.420625,0.579375
2331,0.755375,0.244625
2332,0.773375,0.226625
2333,0.4615,0.5385
2334,0.4535,0.5465
2335,0.9225,0.0775
2336,0.601125,0.398875
2337,0.336375,0.663625
2338,0.522375,0.477625
2339,0.6725,0.3275
2340,0.436625,0.563375
2341,0.9815,0.0185
2342,0.93525,0.06475
2343,0.781125,0.218875
2344,0.289375,0.710625
2345,0.055,0.945
2346,0.821375,0.178625
2347,0.60475,0.39525
2348,0.789875,0.210125
2349,0.140875,0.859125
2350,0.823375,0.176625
2351,0.36325,0.63675
2352,0.427375,0.572625
2353,0.358125,0.641875
2354,0.82625,0.17375
2355,0.566,0.434
2356,0.26375,0.73625
2357,0.936875,0.063125
2358,0.759125,0.240875
2359,0.106,0.894
2360,0.8265,0.1735
2361,0.915,0.085
2362,0.699,0.301
2363,0.5375,0.4625
2364,0.694125,0.305875
2365,0.33875,0.66125
2366,0.115625,0.884375
2367,0.47475,0.52525
2368,0.722875,0.277125
2369,0.746875,0.253125
2370,0.34825,0.65175
2371,0.460375,0.539625
2372,0.8855,0.1145
2373,0.622125,0.377875
2374,0.825375,0.174625
2375,0.19025,0.80975
2376,0.360125,0.639875
2377,0.67775,0.32225
2378,0.80225,0.19775
2379,0.73875,0.26125
2380,0.016625,0.983375
2381,0.1435,0.8565
2382,0.69,0.31
2383,0.469625,0.530375
2384,0.05225,0.94775
2385,0.381125,0.618875
2386,0.621375,0.378625
2387,0.706875,0.293125
2388,0.50825,0.49175
2389,0.8965,0.1035
2390,0.136875,0.863125
2391,0.465375,0.534625
2392,0.805,0.195
2393,0.38975,0.61025
2394,0.897125,0.102875
2395,0.57625,0.42375
2396,0.55675,0.44325
2397,0.194625,0.805375
2398,0.255125,0.744875
2399,0.81075,0.18925
2400,0.45175,0.54825
2401,0.713625,0.286375
2402,0.274,0.726
2403,0.256625,0.743375
2404,0.545,0.455
2405,0.155125,0.844875
2406,0.494875,0.505125
2407,0.15525,0.84475
2408,0.57475,0.42525
2409,0.37575,0.62425
2410,0.504125,0.495875
2411,0.51925,0.48075
2412,0.804625,0.195375
2413,0.730375,0.269625
2414,0.539625,0.460375
2415,0.6865,0.3135
2416,0.234375,0.765625
2417,0.50325,0.49675
2418,0.21325,0.78675
2419,0.87375,0.12625
2420,0.59425,0.40575
2421,0.546125,0.453875
2422,0.62025,0.37975
2423,0.7815,0.2185
2424,0.581,0.419
2425,0.3245,0.6755
2426,0.376875,0.623125
2427,0.138125,0.861875
2428,0.318625,0.681375
2429,0.51825,0.48175
2430,0.352125,0.647875
2431,0.29,0.71
2432,0.691375,0.308625
2433,0.269,0.731
2434,0.54325,0.45675
2435,0.543375,0.456625
2436,0.701,0.299
2437,0.3855,0.6145
2438,0.536,0.464
2439,0.50125,0.49875
2440,0.532375,0.467625
2441,0.06425,0.93575
2442,0.395375,0.604625
2443,0.13125,0.86875
2444,0.913,0.087
2445,0.23,0.77
2446,0.082,0.918
2447,0.873125,0.126875
2448,0.60925,0.39075
2449,0.482875,0.517125
2450,0.085125,0.914875
2451,0.719625,0.280375
2452,0.880875,0.119125
2453,0.48425,0.51575
2454,0.04375,0.95625
2455,0.367625,0.632375
2456,0.654,0.346
2457,0.921875,0.078125
2458,0.13225,0.86775
2459,0.3945,0.6055
2460,0.485875,0.514125
2461,0.639625,0.360375
2462,0.463375,0.536625
2463,0.13575,0.86425
2464,0.200375,0.799625
2465,0.220875,0.779125
2466,0.500125,0.499875
2467,0.260625,0.739375
2468,0.691625,0.308375
2469,0.529125,0.470875
2470,0.807875,0.192125
2471,0.41975,0.58025
2472,0.430125,0.569875
2473,0.61675,0.38325
2474,0.6805,0.3195
2475,0.2445,0.7555
2476,0.45375,0.54625
2477,0.795875,0.204125
2478,0.966625,0.033375
2479,0.852125,0.147875
2480,0.40775,0.59225
2481,0.189,0.811
2482,0.23975,0.76025
2483,0.574125,0.425875
2484,0.25725,0.74275
2485,0.274125,0.725875
2486,0.333125,0.666875
2487,0.399875,0.600125
2488,0.804875,0.195125
2489,0.091125,0.908875
2490,0.464625,0.535375
2491,0.329125,0.670875
2492,0.838875,0.161125
2493,0.38525,0.61475
2494,0.628375,0.371625
2495,0.75225,0.24775
2496,0.28075,0.71925
2497,0.441875,0.558125
2498,0.06525,0.93475
2499,0.91125,0.08875
2500,0.548375,0.451625
2501,0.2125,0.7875
2502,0.640625,0.359375
2503,0.75,0.25
2504,0.6625,0.3375
2505,0.827875,0.172125
2506,0.392625,0.607375
2507,0.085875,0.914125
2508,0.223625,0.776375
2509,0.140125,0.859875
2510,0.646,0.354
2511,0.729375,0.270625
2512,0.595625,0.404375
2513,0.025,0.975
2514,0.258875,0.741125
2515,0.652375,0.347625
2516,0.882,0.118
2517,0.207125,0.792875
2518,0.401625,0.598375
2519,0.4305,0.5695
2520,0.364,0.636
2521,0.762,0.238
2522,0.266625,0.733375
2523,0.31475,0.68525
2524,0.14975,0.85025
2525,0.867375,0.132625
2526,0.630625,0.369375
2527,0.1095,0.8905
2528,0.754125,0.245875
2529,0.77725,0.22275
2530,0.294875,0.705125
2531,0.501,0.499
2532,0.1705,0.8295
2533,0.285125,0.714875
2534,0.692875,0.307125
2535,0.78675,0.21325
2536,0.92825,0.07175
2537,0.923875,0.076125
2538,0.26175,0.73825
2539,0.77525,0.22475
2540,0.664375,0.335625
2541,0.818375,0.181625
2542,0.324125,0.675875
2543,0.748375,0.251625
2544,0.320625,0.679375
2545,0.706,0.294
2546,0.907,0.093
2547,0.549875,0.450125
2548,0.04425,0.95575
2549,0.278875,0.721125
2550,0.095125,0.904875
2551,0.346375,0.653625
2552,0.65525,0.34475
2553,0.268125,0.731875
2554,0.55,0.45
2555,0.65025,0.34975
2556,0.23325,0.76675
2557,0.78525,0.21475
2558,0.41875,0.58125
2559,0.13375,0.86625
2560,0.73025,0.26975
2561,0.30175,0.69825
2562,0.358875,0.641125
2563,0.46725,0.53275
2564,0.431625,0.568375
2565,0.843875,0.156125
2566,0.506625,0.493375
2567,0.368375,0.631625
2568,0.418375,0.581625
2569,0.28125,0.71875
2570,0.450375,0.549625
2571,0.870625,0.129375
2572,0.12925,0.87075
2573,0.864875,0.135125
2574,0.753125,0.246875
2575,0.1165,0.8835
2576,0.80975,0.19025
2577,0.0715,0.9285
2578,0.877125,0.122875
2579,0.223625,0.776375
2580,0.19525,0.80475
2581,0.28625,0.71375
2582,0.836375,0.163625
2583,0.926375,0.073625
2584,0.680125,0.319875
2585,0.570625,0.429375
2586,0.151875,0.848125
2587,0.61125,0.38875
2588,0.53675,0.46325
2589,0.244375,0.755625
2590,0.503875,0.496125
2591,0.212,0.788
2592,0.611125,0.388875
2593,0.438625,0.561375
2594,0.344375,0.655625
2595,0.345875,0.654125
2596,0.86225,0.13775
2597,0.552,0.448
2598,0.317125,0.682875
2599,0.23875,0.76125
2600,0.886625,0.113375
2601,0.403,0.597
2602,0.748,0.252
2603,0.451125,0.548875
2604,0.7835,0.2165
2605,0.5805,0.4195
2606,0.79225,0.20775
2607,0.61625,0.38375
2608,0.574125,0.425875
2609,0.799875,0.200125
2610,0.92275,0.07725
2611,0.058375,0.941625
2612,0.64425,0.35575
2613,0.158125,0.841875
2614,0.99175,0.00825
2615,0.59775,0.40225
2616,0.78375,0.21625
2617,0.5635,0.4365
2618,0.4215,0.5785
2619,0.4765,0.5235
2620,0.912,0.088
2621,0.819375,0.180625
2622,0.125875,0.874125
2623,0.2725,0.7275
2624,0.35,0.65
2625,0.110375,0.889625
2626,0.260625,0.739375
2627,0.348375,0.651625
2628,0.1655,0.8345
2629,0.4475,0.5525
2630,0.536375,0.463625
2631,0.252875,0.747125
2632,0.31725,0.68275
2633,0.372125,0.627875
2634,0.67925,0.32075
2635,0.08325,0.91675
2636,0.1085,0.8915
2637,0.662625,0.337375
2638,0.861875,0.138125
2639,0.786625,0.213375
2640,0.2195,0.7805
2641,0.25175,0.74825
2642,0.1595,0.8405
2643,0.24275,0.75725
2644,0.0395,0.9605
2645,0.75225,0.24775
2646,0.8285,0.1715
2647,0.484375,0.515625
2648,0.9205,0.0795
2649,0.54925,0.45075
2650,0.8725,0.1275
2651,0.531375,0.468625
2652,0.62625,0.37375
2653,0.444375,0.555625
2654,0.447625,0.552375
2655,0.496625,0.503375
2656,0.87125,0.12875
2657,0.374375,0.625625
2658,0.886875,0.113125
2659,0.582125,0.417875
2660,0.416625,0.583375
2661,0.292625,0.707375
2662,0.27025,0.72975
2663,0.656625,0.343375
2664,0.582625,0.417375
2665,0.410625,0.589375
2666,0.61275,0.38725
2667,0.286625,0.713375
2668,0.45775,0.54225
2669,0.892875,0.107125
2670,0.180875,0.819125
2671,0.723125,0.276875
2672,0.909875,0.090125
2673,0.712,0.288
2674,0.139875,0.860125
2675,0.582125,0.417875
2676,0.382875,0.617125
2677,0.570125,0.429875
2678,0.23325,0.76675
2679,0.82225,0.17775
2680,0.04725,0.95275
2681,0.479375,0.520625
2682,0.803,0.197
2683,0.640125,0.359875
2684,0.336875,0.663125
2685,0.38075,0.61925
2686,0.075375,0.924625
2687,0.860125,0.139875
2688,0.365,0.635
2689,0.986625,0.013375
2690,0.516375,0.483625
2691,0.82075,0.17925
2692,0.18675,0.81325
2693,0.736125,0.263875
2694,0.808125,0.191875
2695,0.164375,0.835625
2696,0.844,0.156
2697,0.459375,0.540625
2698,0.61,0.39
2699,0.182,0.818
2700,0.473625,0.526375
2701,0.622,0.378
2702,0.816625,0.183375
2703,0.212125,0.787875
2704,0.68125,0.31875
2705,0.192875,0.807125
2706,0.58,0.42
2707,0.802,0.198
2708,0.90725,0.09275
2709,0.37225,0.62775
2710,0.3545,0.6455
2711,0.780625,0.219375
2712,0.172,0.828
2713,0.845875,0.154125
2714,0.721125,0.278875
2715,0.1815,0.8185
2716,0.19125,0.80875
2717,0.628875,0.371125
2718,0.341625,0.658375
2719,0.607375,0.392625
2720,0.1855,0.8145
2721,0.10575,0.89425
2722,0.41575,0.58425
2723,0.167,0.833
2724,0.131,0.869
2725,0.539,0.461
2726,0.554875,0.445125
2727,0.868125,0.131875
2728,0.7935,0.2065
2729,0.45575,0.54425
2730,0.23575,0.76425
2731,0.485,0.515
2732,0.832875,0.167125
2733,0.775375,0.224625
2734,0.787125,0.212875
2735,0.41075,0.58925
2736,0.398375,0.601625
2737,0.293,0.707
2738,0.847375,0.152625
2739,0.656125,0.343875
2740,0.737625,0.262375
2741,0.447625,0.552375
2742,0.5025,0.4975
2743,0.69075,0.30925
2744,0.146,0.854
2745,0.42525,0.57475
2746,0.108625,0.891375
2747,0.044375,0.955625
2748,0.88675,0.11325
2749,0.84625,0.15375
2750,0.47625,0.52375
2751,0.61025,0.38975
2752,0.54075,0.45925
2753,0.905125,0.094875
2754,0.8885,0.1115
2755,0.659,0.341
2756,0.574875,0.425125
2757,0.85275,0.14725
2758,0.2685,0.7315
2759,0.78,0.22
2760,0.115375,0.884625
2761,0.753375,0.246625
2762,0.562875,0.437125
2763,0.2655,0.7345
2764,0.21225,0.78775
2765,0.387875,0.612125
2766,0.883375,0.116625
2767,0.08075,0.91925
2768,0.2285,0.7715
2769,0.236,0.764
2770,0.57475,0.42525
2771,0.33275,0.66725
2772,0.893875,0.106125
2773,0.294875,0.705125
2774,0.882,0.118
2775,0.66625,0.33375
2776,0.139875,0.860125
2777,0.652375,0.347625
2778,0.793125,0.206875
2779,0.2015,0.7985
2780,0.528625,0.471375
2781,0.697875,0.302125
2782,0.744125,0.255875
2783,0.1635,0.8365
2784,0.2255,0.7745
2785,0.99075,0.00925
2786,0.421375,0.578625
2787,0.458125,0.541875
2788,0.65625,0.34375
2789,0.35125,0.64875
2790,0.7875,0.2125
2791,0.1515,0.8485
2792,0.518875,0.481125
2793,0.437875,0.562125
2794,0.68975,0.31025
2795,0.27625,0.72375
2796,0.499125,0.500875
2797,0.652125,0.347875
2798,0.315625,0.684375
2799,0.959,0.041
2800,0.718625,0.281375
2801,0.4135,0.5865
2802,0.412625,0.587375
2803,0.84,0.16
2804,0.635375,0.364625
2805,0.210125,0.789875
2806,0.44375,0.55625
2807,0.50525,0.49475
2808,0.707125,0.292875
2809,0.486125,0.513875
2810,0.283375,0.716625
2811,0.059875,0.940125
2812,0.615125,0.384875
2813,0.422625,0.577375
2814,0.5035,0.4965
2815,0.646875,0.353125
2816,0.237,0.763
2817,0.476,0.524
2818,0.153375,0.846625
2819,0.812125,0.187875
2820,0.977,0.023
2821,0.4845,0.5155
2822,0.252375,0.747625
2823,0.613125,0.386875
2824,0.24925,0.75075
2825,0.601,0.399
2826,0.549875,0.450125
2827,0.775,0.225
2828,0.3205,0.6795
2829,0.030625,0.969375
2830,0.140375,0.859625
2831,0.191375,0.808625
2832,0.222125,0.777875
2833,0.197625,0.802375
2834,0.841,0.159
2835,0.1875,0.8125
2836,0.589875,0.410125
2837,0.306375,0.693625
2838,0.5405,0.4595
2839,0.2475,0.7525
2840,0.538625,0.461375
2841,0.87425,0.12575
2842,0.159375,0.840625
2843,0.357,0.643
2844,0.672,0.328
2845,0.6575,0.3425
2846,0.801,0.199
2847,0.827375,0.172625
2848,0.223375,0.776625
2849,0.432625,0.567375
2850,0.56075,0.43925
2851,0.473625,0.526375
2852,0.758125,0.241875
2853,0.645375,0.354625
2854,0.90225,0.09775
2855,0.760875,0.239125
2856,0.584125,0.415875
2857,0.441625,0.558375
2858,0.385625,0.614375
2859,0.293,0.707
2860,0.15925,0.84075
2861,0.569,0.431
2862,0.892125,0.107875
2863,0.802125,0.197875
2864,0.414375,0.585625
2865,0.439,0.561
2866,0.109625,0.890375
2867,0.65875,0.34125
2868,0.332125,0.667875
2869,0.852875,0.147125
2870,0.764,0.236
2871,0.54475,0.45525
2872,0.4095,0.5905
2873,0.013625,0.986375
2874,0.57175,0.42825
2875,0.78275,0.21725
2876,0.8425,0.1575
2877,0.935,0.065
2878,0.785375,0.214625
2879,0.735625,0.264375
2880,0.7365,0.2635
2881,0.494,0.506
2882,0.123625,0.876375
2883,0.6055,0.3945
2884,0.898875,0.101125
2885,0.7855,0.2145
2886,0.208,0.792
2887,0.53225,0.46775
2888,0.591125,0.408875
2889,0.406625,0.593375
2890,0.362875,0.637125
2891,0.961375,0.038625
2892,0.75675,0.24325
2893,0.324375,0.675625
2894,0.9275,0.0725
2895,0.71475,0.28525
2896,0.530875,0.469125
2897,0.241125,0.758875
2898,0.633625,0.366375
2899,0.719125,0.280875
2900,0.80325,0.19675
2901,0.112125,0.887875
2902,0.657375,0.342625
2903,0.560125,0.439875
2904,0.14525,0.85475
2905,0.18325,0.81675
2906,0.115125,0.884875
2907,0.619125,0.380875
2908,0.249875,0.750125
2909,0.722375,0.277625
2910,0.5975,0.4025
2911,0.227,0.773
2912,0.76975,0.23025
2913,0.774125,0.225875
2914,0.086875,0.913125
2915,0.721125,0.278875
2916,0.52975,0.47025
2917,0.2475,0.7525
2918,0.253,0.747
2919,0.808,0.192
2920,0.17725,0.82275
2921,0.51375,0.48625
2922,0.468125,0.531875
2923,0.242625,0.757375
2924,0.875,0.125
2925,0.47075,0.52925
2926,0.204875,0.795125
2927,0.43575,0.56425
2928,0.5105,0.4895
2929,0.362875,0.637125
2930,0.6405,0.3595
2931,0.192125,0.807875
2932,0.415375,0.584625
2933,0.685625,0.314375
2934,0.4325,0.5675
2935,0.960375,0.039625
2936,0.44425,0.55575
2937,0.334625,0.665375
2938,0.79275,0.20725
2939,0.735125,0.264875
2940,0.206,0.794
2941,0.44475,0.55525
2942,0.282375,0.717625
2943,0.27975,0.72025
2944,0.78725,0.21275
2945,0.348625,0.651375
2946,0.386625,0.613375
2947,0.792,0.208
2948,0.302625,0.697375
2949,0.65375,0.34625
2950,0.922125,0.077875
2951,0.355,0.645
2952,0.533125,0.466875
2953,0.3905,0.6095
2954,0.3545,0.6455
2955,0.811875,0.188125
2956,0.305625,0.694375
2957,0.713,0.287
2958,0.502375,0.497625
2959,0.6885,0.3115
2960,0.8235,0.1765
2961,0.6075,0.3925
2962,0.16875,0.83125
2963,0.337625,0.662375
2964,0.96275,0.03725
2965,0.83375,0.16625
2966,0.24,0.76
2967,0.686,0.314
2968,0.367625,0.632375
2969,0.887625,0.112375
2970,0.97225,0.02775
2971,0.54425,0.45575
2972,0.019125,0.980875
2973,0.77925,0.22075
2974,0.239375,0.760625
2975,0.36775,0.63225
2976,0.7985,0.2015
2977,0.453625,0.546375
2978,0.233,0.767
2979,0.792375,0.207625
2980,0.36725,0.63275
2981,0.23675,0.76325
2982,0.259875,0.740125
2983,0.377375,0.622625
2984,0.213625,0.786375
2985,0.43375,0.56625
2986,0.556875,0.443125
2987,0.274,0.726
2988,0.86175,0.13825
2989,0.238,0.762
2990,0.420625,0.579375
2991,0.90125,0.09875
2992,0.822125,0.177875
2993,0.08725,0.91275
2994,0.401875,0.598125
2995,0.892,0.108
2996,0.800875,0.199125
2997,0.574125,0.425875
2998,0.261875,0.738125
2999,0.84275,0.15725
3000,0.251375,0.748625
